data:text/csv;charset=utf-8,Id,metric_alias_widget_19_0
StatusCode,Complete
Messages,
Full label,us-east-1:AWS/Lambda FunctionName:getDiaryEntry ConcurrentExecutions Maximum 60
Label,ConcurrentExecutions
2022/07/20 12:00:00,1
2022/07/20 12:01:00,
2022/07/20 12:02:00,
2022/07/20 12:03:00,21
2022/07/20 12:04:00,21
2022/07/20 12:05:00,21
2022/07/20 12:06:00,41
2022/07/20 12:07:00,41
2022/07/20 12:08:00,41
2022/07/20 12:09:00,98
2022/07/20 12:10:00,101
2022/07/20 12:11:00,100
2022/07/20 12:12:00,99
2022/07/20 12:13:00,114
2022/07/20 12:14:00,69
2022/07/20 12:15:00,84
2022/07/20 12:16:00,74
2022/07/20 12:17:00,68
2022/07/20 12:18:00,70
2022/07/20 12:19:00,70
2022/07/20 12:20:00,71
2022/07/20 12:21:00,73
2022/07/20 12:22:00,71
2022/07/20 12:23:00,94
2022/07/20 12:24:00,91
2022/07/20 12:25:00,97
2022/07/20 12:26:00,91
2022/07/20 12:27:00,41
2022/07/20 12:28:00,41
2022/07/20 12:29:00,41
2022/07/20 12:30:00,21
2022/07/20 12:31:00,21
2022/07/20 12:32:00,21
2022/07/20 12:33:00,21