data:text/csv;charset=utf-8,Id,metric_alias_widget_4_0
StatusCode,Complete
Messages,
Full label,us-east-1:AWS/Lambda FunctionName:sentiment-lambda ConcurrentExecutions Maximum 60
Label,ConcurrentExecutions
2022/07/20 10:22:00,21
2022/07/20 10:23:00,21
2022/07/20 10:24:00,20
2022/07/20 10:25:00,20
2022/07/20 10:26:00,20
2022/07/20 10:27:00,21
2022/07/20 10:28:00,20
2022/07/20 10:29:00,39
2022/07/20 10:30:00,37
2022/07/20 10:31:00,38
2022/07/20 10:32:00,36
2022/07/20 10:33:00,37
2022/07/20 10:34:00,40
2022/07/20 10:35:00,37
2022/07/20 10:36:00,95
2022/07/20 10:37:00,86
2022/07/20 10:38:00,88
2022/07/20 10:39:00,84
2022/07/20 10:40:00,85
2022/07/20 10:41:00,87
2022/07/20 10:42:00,156
2022/07/20 10:43:00,158
2022/07/20 10:44:00,161
2022/07/20 10:45:00,152
2022/07/20 10:46:00,150
2022/07/20 10:47:00,152
2022/07/20 10:48:00,153
2022/07/20 10:49:00,148
2022/07/20 10:50:00,149
2022/07/20 10:51:00,153
2022/07/20 10:52:00,159
2022/07/20 10:53:00,154
2022/07/20 10:54:00,155
2022/07/20 10:55:00,155
2022/07/20 10:56:00,152
2022/07/20 10:57:00,151
2022/07/20 10:58:00,153
2022/07/20 10:59:00,149
2022/07/20 11:00:00,158
2022/07/20 11:01:00,150
2022/07/20 11:02:00,152
2022/07/20 11:03:00,85
2022/07/20 11:04:00,84
2022/07/20 11:05:00,83
2022/07/20 11:06:00,85
2022/07/20 11:07:00,84
2022/07/20 11:08:00,86
2022/07/20 11:09:00,83
2022/07/20 11:10:00,38
2022/07/20 11:11:00,37
2022/07/20 11:12:00,41
2022/07/20 11:13:00,39
2022/07/20 11:14:00,37
2022/07/20 11:15:00,38
2022/07/20 11:16:00,36
2022/07/20 11:17:00,20
2022/07/20 11:18:00,21
2022/07/20 11:19:00,20
2022/07/20 11:20:00,20
2022/07/20 11:21:00,20
2022/07/20 11:22:00,20